first_name,middlename,last_name,email
Matthias,Lenka,Musson,lmusson0@china.com.cn
Oliviero,Bethany,Duesberry,bduesberry1@cbslocal.com
Zechariah,Carmel,Twinn,ctwinn2@lulu.com
Claudius,Margot,Boole,mboole3@ed.gov
Wait,Tomasina,Spencley,tspencley4@nationalgeographic.com
Nevin,Abagael,Wemm,awemm5@whitehouse.gov
Venus,Vivianna,January 1st,vjanuaryst6@wp.com
Alric,Filide,Cerman,fcerman7@nih.gov
Serena,Tersina,MacBey,tmacbey8@desdev.cn
Cletus,Fredericka,Tink,ftink9@berkeley.edu
Werner,Miof mela,Baptie,mbaptiea@posterous.com
Gavrielle,Gertruda,Battell,gbattellb@upenn.edu
Owen,Phillie,Campanelli,pcampanellic@vistaprint.com
Theobald,Cami,Lewens,clewensd@nih.gov
Brit,Lolly,Macvey,lmacveye@uiuc.edu
Dur,Selie,Huggen,shuggenf@naver.com
Gerardo,Lita,Issacoff,lissacoffg@taobao.com
Terese,Bevvy,Iacomi,biacomih@sohu.com
Noland,Sallyanne,Casado,scasadoi@phoca.cz
Freedman,Kimmi,Terrill,kterrillj@about.com
Brooks,Annecorinne,Monier,amonierk@vistaprint.com
Jada,Van,Rudeforth,vrudeforthl@wordpress.org
Martainn,Petronia,Greenfield,pgreenfieldm@shop-pro.jp
Walsh,Monique,Pickhaver,mpickhavern@tmall.com
Artus,Maia,Cranage,mcranageo@abc.net.au
Susana,Vonny,Brasted,vbrastedp@shop-pro.jp
Abbey,Roanna,Cawsey,rcawseyq@miibeian.gov.cn
Jackquelin,Vivyan,Sinkin,vsinkinr@go.com
Annice,Anabelle,Alflat,aalflats@biblegateway.com
Putnam,Codi,Eles,celest@myspace.com
Tuck,Mil,Huxstep,mhuxstepu@sfgate.com
Nixie,Grata,Simnell,gsimnellv@addthis.com
Galvan,Tabby,Stannion,tstannionw@va.gov
Jess,Loralyn,Erratt,lerrattx@goo.gl
Raimondo,Robbyn,Lindl,rlindly@vimeo.com
Letizia,Jodee,Whines,jwhinesz@virginia.edu
Arleyne,Dorolice,Kilford,dkilford10@weather.com
Budd,Happy,Tilt,htilt11@npr.org
Edik,Greer,Berka,gberka12@creativecommons.org
Violetta,Fanchon,Aldham,faldham13@e-recht24.de
Emanuele,Denice,Sherrard,dsherrard14@un.org
Grier,Aaren,Camerati,acamerati15@ebay.com
Bay,Babette,Birnie,bbirnie16@myspace.com
Kylynn,Gertrude,Sievewright,gsievewright17@bizjournals.com
Livy,Wally,Gaspard,wgaspard18@statcounter.com
Chrissie,Alys,Jeannesson,ajeannesson19@issuu.com
Kitti,Jacqui,Lackington,jlackington1a@g.co
Karia,Brandice,Boultwood,bboultwood1b@360.cn
Killie,Ailey,Eburah,aeburah1c@foxnews.com
Ruth,Lorry,Otham,lotham1d@booking.com
Blaire,Alie,Rankcom,arankcom1e@smugmug.com
Jackie,Doralia,Manolov,dmanolov1f@amazonaws.com
Helsa,Valentine,Bateup,vbateup1g@indiatimes.com
Jaimie,Jean,Rearden,jrearden1h@mozilla.org
Halsy,Janene,Scogin,jscogin1i@cargocollective.com
Seward,Alyda,Lanston,alanston1j@yahoo.com
Etienne,Vilma,Gallaccio,vgallaccio1k@youtu.be
Nestor,Aimee,Grand,agrand1l@cbc.ca
Karlen,Wynny,Thiese,wthiese1m@dedecms.com
Alyson,Jeanna,Hoofe,jhoofe1n@fotki.com
Guendolen,Chantal,Cymper,ccymper1o@dell.com
Lesya,Tandy,Mack,tmack1p@smh.com.au
Liam,Trina,Gronaller,tgronaller1q@bloglines.com
Arvin,Janie,Chasle,jchasle1r@mit.edu
Zachariah,Pandora,Graddon,pgraddon1s@oakley.com
Even,Donella,Eschelle,deschelle1t@wired.com
Dewitt,Konstance,Kondratenya,kkondratenya1u@scribd.com
Sosanna,Sheila,Poate,spoate1v@w3.org
Arlie,Sela,Jebb,sjebb1w@sphinn.com
Jonah,Rozelle,Girardengo,rgirardengo1x@ustream.tv
Ula,Emili,Reschke,ereschke1y@prlog.org
Eldon,Margie,Brakewell,mbrakewell1z@spiegel.de
Hillel,Dorris,Wheeliker,dwheeliker20@bigcartel.com
Yettie,Carolina,Corkish,ccorkish21@imageshack.us
Denni,Lillis,Towe,ltowe22@ning.com
Bella,Maddi,Mellings,mmellings23@google.nl
Tatum,Tonye,Jedrzej,tjedrzej24@indiatimes.com
Jenifer,Windy,Fillimore,wfillimore25@unc.edu
Klaus,Betsey,Gregore,bgregore26@globo.com
Felita,Steffane,Rodden,srodden27@addtoany.com
Ketty,Rickie,Brookesbie,rbrookesbie28@bbb.org
Jacquetta,Ferne,Gillbe,fgillbe29@google.com.br
Mabelle,Gabbey,Yter,gyter2a@cloudflare.com
Wain,Aidan,Badcock,abadcock2b@soup.io
Si,Cherry,Maguire,cmaguire2c@merriam-webster.com
Leyla,Jacquenette,Onyon,jonyon2d@weebly.com
Tana,Kendre,Collopy,kcollopy2e@vkontakte.ru
Allix,Collie,Davidofski,cdavidofski2f@cnbc.com
Murvyn,Phillie,Japp,pjapp2g@zdnet.com
Karie,Leanna,Storcke,lstorcke2h@columbia.edu
Terence,Ailis,Redgrove,aredgrove2i@businesswire.com
Maryanna,Ariel,Govern,agovern2j@walmart.com
Klemens,Kacey,Letchford,kletchford2k@merriam-webster.com
Welch,Judy,Snewin,jsnewin2l@scribd.com
Jacquette,Teresina,Volks,tvolks2m@fotki.com
Wernher,Wendi,Imason,wimason2n@ed.gov
Gardiner,Charissa,Duesbury,cduesbury2o@hexun.com
Agatha,Maurizia,Wagge,mwagge2p@ow.ly
Erastus,Vin,Donohoe,vdonohoe2q@cocolog-nifty.com
Myra,Trina,Nisen,tnisen2r@opensource.org
